File,Class
new_1_1.mat,3.16824054718018
new_1_10.mat,1.23833167552948
new_1_100.mat,1.1564382314682
new_1_101.mat,2.97001791000366
new_1_102.mat,0.787367820739746
new_1_103.mat,-0.691355466842651
new_1_104.mat,2.83821439743042
new_1_105.mat,1.51092910766602
new_1_106.mat,-0.553180694580078
new_1_107.mat,0.856554985046387
new_1_108.mat,1.14351868629456
new_1_109.mat,2.20922303199768
new_1_11.mat,0.463537961244583
new_1_110.mat,-0.257459104061127
new_1_111.mat,1.61724972724915
new_1_112.mat,-0.41364398598671
new_1_113.mat,2.85049962997437
new_1_114.mat,-0.0809526294469833
new_1_115.mat,1.07400834560394
new_1_116.mat,-0.77891206741333
new_1_117.mat,2.47157979011536
new_1_118.mat,1.41531300544739
new_1_119.mat,1.79240548610687
new_1_12.mat,0.399070799350739
new_1_120.mat,1.9422652721405
new_1_121.mat,2.25835299491882
new_1_122.mat,2.06485915184021
new_1_123.mat,1.73525941371918
new_1_124.mat,-0.0602332353591919
new_1_125.mat,0.848163366317749
new_1_126.mat,0.675952434539795
new_1_127.mat,2.61131978034973
new_1_128.mat,3.07452154159546
new_1_129.mat,1.46602058410645
new_1_13.mat,1.2851037979126
new_1_130.mat,-0.728905379772186
new_1_131.mat,2.34126663208008
new_1_132.mat,1.88741493225098
new_1_133.mat,3.24986410140991
new_1_134.mat,1.97531914710999
new_1_135.mat,0.666158497333527
new_1_136.mat,2.2144763469696
new_1_137.mat,0.613450884819031
new_1_138.mat,3.01470327377319
new_1_139.mat,2.27209186553955
new_1_14.mat,-0.135419368743896
new_1_140.mat,0.595858514308929
new_1_141.mat,-0.635585188865662
new_1_142.mat,1.59240186214447
new_1_143.mat,1.11481404304504
new_1_144.mat,2.81226634979248
new_1_145.mat,2.18363523483276
new_1_146.mat,1.50418627262115
new_1_147.mat,1.2851037979126
new_1_148.mat,0.575845241546631
new_1_149.mat,1.9934618473053
new_1_15.mat,1.51775848865509
new_1_150.mat,-0.51279616355896
new_1_151.mat,0.840856552124023
new_1_152.mat,-0.138161391019821
new_1_153.mat,1.68486821651459
new_1_154.mat,0.994305968284607
new_1_155.mat,0.527980387210846
new_1_156.mat,0.953520476818085
new_1_157.mat,1.32497918605804
new_1_158.mat,0.411699712276459
new_1_159.mat,2.09692788124084
new_1_16.mat,1.15540957450867
new_1_160.mat,0.481836915016174
new_1_161.mat,2.06352782249451
new_1_162.mat,0.87892758846283
new_1_163.mat,1.47426426410675
new_1_164.mat,0.029555831104517
new_1_165.mat,1.37945604324341
new_1_166.mat,1.92644464969635
new_1_167.mat,1.2851037979126
new_1_168.mat,1.08540272712708
new_1_169.mat,1.98239207267761
new_1_17.mat,0.379132390022278
new_1_170.mat,0.331158310174942
new_1_171.mat,-0.456155121326447
new_1_172.mat,-0.562011361122131
new_1_173.mat,1.52064049243927
new_1_174.mat,3.14556336402893
new_1_175.mat,1.64016711711884
new_1_176.mat,1.94503700733185
new_1_177.mat,1.2851037979126
new_1_178.mat,2.07016086578369
new_1_179.mat,1.17396116256714
new_1_18.mat,1.2851037979126
new_1_180.mat,1.09695255756378
new_1_181.mat,2.59892511367798
new_1_182.mat,2.69618248939514
new_1_183.mat,1.02621209621429
new_1_184.mat,1.33365619182587
new_1_185.mat,1.23595345020294
new_1_186.mat,2.26804232597351
new_1_187.mat,1.06157469749451
new_1_188.mat,-0.109136842191219
new_1_189.mat,0.656100749969482
new_1_19.mat,0.672147810459137
new_1_190.mat,1.51505875587463
new_1_191.mat,-0.540631830692291
new_1_192.mat,-0.120033018290997
new_1_193.mat,2.9366021156311
new_1_194.mat,1.68766784667969
new_1_195.mat,1.19227349758148
new_1_196.mat,1.04435193538666
new_1_197.mat,2.14728832244873
new_1_198.mat,-0.729913413524628
new_1_199.mat,1.21079385280609
new_1_2.mat,1.95670425891876
new_1_20.mat,1.2851037979126
new_1_200.mat,1.37602806091309
new_1_201.mat,2.56586742401123
new_1_202.mat,1.48762130737305
new_1_203.mat,0.63620525598526
new_1_204.mat,0.140145719051361
new_1_205.mat,0.579622447490692
new_1_206.mat,1.13283824920654
new_1_207.mat,0.235074073076248
new_1_208.mat,0.255680859088898
new_1_209.mat,1.2851037979126
new_1_21.mat,0.626578867435455
new_1_210.mat,0.182976722717285
new_1_211.mat,-0.020917147397995
new_1_212.mat,-0.34963247179985
new_1_213.mat,2.87998151779175
new_1_214.mat,-0.203966692090034
new_1_215.mat,2.90205669403076
new_1_216.mat,0.713438212871552
new_1_22.mat,2.10607147216797
new_1_23.mat,1.68367457389832
new_1_24.mat,0.696465611457825
new_1_25.mat,-0.296238124370575
new_1_26.mat,1.89362645149231
new_1_27.mat,0.837483108043671
new_1_28.mat,1.13457059860229
new_1_29.mat,2.74799394607544
new_1_3.mat,0.431921511888504
new_1_30.mat,0.658978939056396
new_1_31.mat,1.5278924703598
new_1_32.mat,0.841615796089172
new_1_33.mat,-0.697623908519745
new_1_34.mat,1.2851037979126
new_1_35.mat,2.06682777404785
new_1_36.mat,2.76971054077148
new_1_37.mat,1.58032238483429
new_1_38.mat,0.701689124107361
new_1_39.mat,0.956157088279724
new_1_4.mat,-0.500686049461365
new_1_40.mat,-1.04776728153229
new_1_41.mat,1.02647185325623
new_1_42.mat,1.92564177513123
new_1_43.mat,-0.630571484565735
new_1_44.mat,2.82967901229858
new_1_45.mat,1.32656538486481
new_1_46.mat,0.923381567001343
new_1_47.mat,1.3888897895813
new_1_48.mat,1.33331429958344
new_1_49.mat,-0.0229572653770447
new_1_5.mat,1.49620079994202
new_1_50.mat,2.81836366653442
new_1_51.mat,-0.2802973985672
new_1_52.mat,1.62374401092529
new_1_53.mat,-0.704176545143127
new_1_54.mat,-0.299562215805054
new_1_55.mat,2.72815084457397
new_1_56.mat,1.82100009918213
new_1_57.mat,1.97538197040558
new_1_58.mat,-0.953677952289581
new_1_59.mat,-0.814599990844727
new_1_6.mat,2.32697725296021
new_1_60.mat,-0.287741422653198
new_1_61.mat,0.960664570331573
new_1_62.mat,1.11260318756104
new_1_63.mat,0.884255468845367
new_1_64.mat,1.99979567527771
new_1_65.mat,1.49160099029541
new_1_66.mat,2.96221303939819
new_1_67.mat,-0.177397340536118
new_1_68.mat,1.39970207214355
new_1_69.mat,0.904515385627747
new_1_7.mat,1.2851037979126
new_1_70.mat,0.609955012798309
new_1_71.mat,0.712521910667419
new_1_72.mat,1.2851037979126
new_1_73.mat,0.663885235786438
new_1_74.mat,0.78239893913269
new_1_75.mat,0.242343842983246
new_1_76.mat,3.23007249832153
new_1_77.mat,-0.65578693151474
new_1_78.mat,1.78411173820496
new_1_79.mat,1.36164748668671
new_1_8.mat,0.349650800228119
new_1_80.mat,2.0652129650116
new_1_81.mat,-0.793036341667175
new_1_82.mat,0.461934238672256
new_1_83.mat,2.30850195884705
new_1_84.mat,-0.166489064693451
new_1_85.mat,1.37321662902832
new_1_86.mat,3.05643510818481
new_1_87.mat,1.52841675281525
new_1_88.mat,0.493318855762482
new_1_89.mat,-0.181806668639183
new_1_9.mat,0.870574712753296
new_1_90.mat,-1.22508859634399
new_1_91.mat,1.32065534591675
new_1_92.mat,3.03741145133972
new_1_93.mat,1.75535798072815
new_1_94.mat,1.04290544986725
new_1_95.mat,2.03323888778687
new_1_96.mat,0.155625894665718
new_1_97.mat,0.584399580955505
new_1_98.mat,1.2851037979126
new_1_99.mat,0.86720222234726
new_2_1.mat,-0.145664215087891
new_2_10.mat,0.414449423551559
new_2_100.mat,-0.454796314239502
new_2_1000.mat,-0.318488895893097
new_2_1001.mat,0.458320915699005
new_2_1002.mat,0.072445422410965
new_2_101.mat,-0.148293480277061
new_2_102.mat,-0.104295924305916
new_2_103.mat,-1.17241060733795
new_2_104.mat,-0.133422017097473
new_2_105.mat,1.69889783859253
new_2_106.mat,-1.70760464668274
new_2_107.mat,-2.24173021316528
new_2_108.mat,0.252516895532608
new_2_109.mat,-0.437590599060059
new_2_11.mat,0.708891987800598
new_2_110.mat,-0.101747445762157
new_2_111.mat,0.0393963158130646
new_2_112.mat,-0.776127815246582
new_2_113.mat,0.194176584482193
new_2_114.mat,0.239007920026779
new_2_115.mat,-0.453011572360992
new_2_116.mat,-0.835391104221344
new_2_117.mat,-0.546127200126648
new_2_118.mat,-0.18784610927105
new_2_119.mat,-0.295963972806931
new_2_12.mat,-0.461524993181229
new_2_120.mat,-0.0642068833112717
new_2_121.mat,-0.646136283874512
new_2_122.mat,-0.370847344398499
new_2_123.mat,-0.537967801094055
new_2_124.mat,-1.51451635360718
new_2_125.mat,-0.581881046295166
new_2_126.mat,-0.759749293327332
new_2_127.mat,-0.992613315582275
new_2_128.mat,-0.0331722795963287
new_2_129.mat,-0.203507214784622
new_2_13.mat,-0.545801341533661
new_2_130.mat,-0.721310496330261
new_2_131.mat,-0.240235358476639
new_2_132.mat,0.582572460174561
new_2_133.mat,0.489474654197693
new_2_134.mat,-2.34397435188293
new_2_135.mat,-0.142618268728256
new_2_136.mat,-0.030390202999115
new_2_137.mat,-0.381135016679764
new_2_138.mat,0.117597952485085
new_2_139.mat,-0.139892533421516
new_2_14.mat,-0.0533092170953751
new_2_140.mat,1.2851037979126
new_2_141.mat,-1.91381120681763
new_2_142.mat,-0.763130187988281
new_2_143.mat,-0.378912419080734
new_2_144.mat,-1.99475300312042
new_2_145.mat,0.33717405796051
new_2_146.mat,-0.0975895076990128
new_2_147.mat,-0.786042988300323
new_2_148.mat,1.2851037979126
new_2_149.mat,0.527228116989136
new_2_15.mat,0.159247636795044
new_2_150.mat,-0.620198011398315
new_2_151.mat,-0.0634439289569855
new_2_152.mat,-0.127207323908806
new_2_153.mat,-0.449895530939102
new_2_154.mat,0.212170764803886
new_2_155.mat,-1.13098168373108
new_2_156.mat,-0.197026610374451
new_2_157.mat,0.367437839508057
new_2_158.mat,0.187944382429123
new_2_159.mat,-0.154357925057411
new_2_16.mat,-0.22013732790947
new_2_160.mat,0.0338447391986847
new_2_161.mat,0.321540355682373
new_2_162.mat,0.591697156429291
new_2_163.mat,-0.805652439594269
new_2_164.mat,-0.286475360393524
new_2_165.mat,-0.534084796905518
new_2_166.mat,-0.642616093158722
new_2_167.mat,0.406464397907257
new_2_168.mat,0.179001748561859
new_2_169.mat,-0.744615852832794
new_2_17.mat,-0.055875837802887
new_2_170.mat,-0.788577318191528
new_2_171.mat,-0.0967972129583359
new_2_172.mat,0.0133963227272034
new_2_173.mat,-0.173741400241852
new_2_174.mat,-0.122797563672066
new_2_175.mat,0.636182546615601
new_2_176.mat,0.00309285521507263
new_2_177.mat,-0.397304892539978
new_2_178.mat,-0.928328633308411
new_2_179.mat,0.0148027390241623
new_2_18.mat,0.227859020233154
new_2_180.mat,-0.493885457515717
new_2_181.mat,-0.137560874223709
new_2_182.mat,-0.00711442530155182
new_2_183.mat,-0.440172433853149
new_2_184.mat,-0.274674654006958
new_2_185.mat,0.110339783132076
new_2_186.mat,-0.481084644794464
new_2_187.mat,-1.50039994716644
new_2_188.mat,-1.78601026535034
new_2_189.mat,-0.357887625694275
new_2_19.mat,-0.914948701858521
new_2_190.mat,-0.753379881381989
new_2_191.mat,0.0954244062304497
new_2_192.mat,-1.85349369049072
new_2_193.mat,0.512206852436066
new_2_194.mat,-0.110416948795319
new_2_195.mat,-1.33231067657471
new_2_196.mat,-0.0720140784978867
new_2_197.mat,-0.191295430064201
new_2_198.mat,-0.0167016237974167
new_2_199.mat,0.274319738149643
new_2_2.mat,-2.08090972900391
new_2_20.mat,-0.566829562187195
new_2_200.mat,-0.0292207226157188
new_2_201.mat,-0.045046366751194
new_2_202.mat,-0.143645957112312
new_2_203.mat,-0.257370889186859
new_2_204.mat,-1.54333424568176
new_2_205.mat,0.770331740379334
new_2_206.mat,-0.279716551303864
new_2_207.mat,1.23027622699738
new_2_208.mat,0.40661096572876
new_2_209.mat,-0.441463023424149
new_2_21.mat,-0.24769601225853
new_2_210.mat,0.00601543486118317
new_2_211.mat,0.118500895798206
new_2_212.mat,0.128920152783394
new_2_213.mat,-0.164023339748383
new_2_214.mat,-0.259418189525604
new_2_215.mat,-0.298551082611084
new_2_216.mat,-0.315066158771515
new_2_217.mat,0.0560281425714493
new_2_218.mat,0.169612407684326
new_2_219.mat,-0.332915365695953
new_2_22.mat,-0.515254557132721
new_2_220.mat,-0.678456604480743
new_2_221.mat,-1.33877778053284
new_2_222.mat,0.249164253473282
new_2_223.mat,-0.0433977842330933
new_2_224.mat,-0.427333563566208
new_2_225.mat,0.638910531997681
new_2_226.mat,-2.4698338508606
new_2_227.mat,-0.951314568519592
new_2_228.mat,-1.27468883991241
new_2_229.mat,-0.632450342178345
new_2_23.mat,0.0950782299041748
new_2_230.mat,-0.361638069152832
new_2_231.mat,0.0697368979454041
new_2_232.mat,-1.05292093753815
new_2_233.mat,-0.224330961704254
new_2_234.mat,-0.200562909245491
new_2_235.mat,0.0621287375688553
new_2_236.mat,-0.142003059387207
new_2_237.mat,0.218178808689117
new_2_238.mat,-0.280372053384781
new_2_239.mat,-0.148692697286606
new_2_24.mat,-0.598368883132935
new_2_240.mat,-0.89105612039566
new_2_241.mat,-2.18378496170044
new_2_242.mat,-0.223405748605728
new_2_243.mat,-0.413236171007156
new_2_244.mat,-0.0350773110985756
new_2_245.mat,0.00868155807256699
new_2_246.mat,-0.109837241470814
new_2_247.mat,-0.198257967829704
new_2_248.mat,-0.745638191699982
new_2_249.mat,-0.413468301296234
new_2_25.mat,-2.50921273231506
new_2_250.mat,-0.58925586938858
new_2_251.mat,-0.0449634343385696
new_2_252.mat,-0.523341774940491
new_2_253.mat,-0.436177432537079
new_2_254.mat,-1.71950304508209
new_2_255.mat,-0.0718256384134293
new_2_256.mat,0.14388519525528
new_2_257.mat,1.18612313270569
new_2_258.mat,-1.07513105869293
new_2_259.mat,-0.732900679111481
new_2_26.mat,1.2851037979126
new_2_260.mat,-0.0687268078327179
new_2_261.mat,-0.0470565259456635
new_2_262.mat,-0.100413843989372
new_2_263.mat,-0.381324797868729
new_2_264.mat,-0.213966488838196
new_2_265.mat,0.343607425689697
new_2_266.mat,-0.155203014612198
new_2_267.mat,1.68103528022766
new_2_268.mat,-0.0424407869577408
new_2_269.mat,-0.386378407478333
new_2_27.mat,0.0463489592075348
new_2_270.mat,0.112936444580555
new_2_271.mat,-0.199208125472069
new_2_272.mat,0.20519395172596
new_2_273.mat,-1.32639765739441
new_2_274.mat,-1.76068830490112
new_2_275.mat,-1.72720730304718
new_2_276.mat,-0.754458129405975
new_2_277.mat,0.174088835716248
new_2_278.mat,-0.247679457068443
new_2_279.mat,0.0830781683325768
new_2_28.mat,-0.151703581213951
new_2_280.mat,-2.08859634399414
new_2_281.mat,-1.07478308677673
new_2_282.mat,-0.784012854099274
new_2_283.mat,-0.0296134911477566
new_2_284.mat,-0.877104341983795
new_2_285.mat,-0.882115960121155
new_2_286.mat,0.217225164175034
new_2_287.mat,0.629153430461884
new_2_288.mat,-1.18407785892487
new_2_289.mat,-0.035317599773407
new_2_29.mat,0.0385127812623978
new_2_290.mat,-0.0136389210820198
new_2_291.mat,0.137601315975189
new_2_292.mat,-0.53052818775177
new_2_293.mat,0.326992720365524
new_2_294.mat,-0.105332270264626
new_2_295.mat,0.490733504295349
new_2_296.mat,0.239258751273155
new_2_297.mat,-0.427638113498688
new_2_298.mat,0.429398745298386
new_2_299.mat,-0.0266161561012268
new_2_3.mat,0.238906502723694
new_2_30.mat,0.183546081185341
new_2_300.mat,0.219175457954407
new_2_301.mat,0.308052837848663
new_2_302.mat,-0.714300990104675
new_2_303.mat,-0.194674044847488
new_2_304.mat,0.547962248325348
new_2_305.mat,-0.133664414286613
new_2_306.mat,-0.341564565896988
new_2_307.mat,-0.367858827114105
new_2_308.mat,0.156803473830223
new_2_309.mat,0.0668976902961731
new_2_31.mat,0.00626998394727707
new_2_310.mat,-0.0774663165211678
new_2_311.mat,2.32044506072998
new_2_312.mat,-0.23407843708992
new_2_313.mat,1.57576549053192
new_2_314.mat,1.29940032958984
new_2_315.mat,-0.221039354801178
new_2_316.mat,-0.270182132720947
new_2_317.mat,-0.967262387275696
new_2_318.mat,-0.285425931215286
new_2_319.mat,0.339347124099731
new_2_32.mat,-0.849733829498291
new_2_320.mat,0.0664765238761902
new_2_321.mat,0.232570290565491
new_2_322.mat,-1.51585078239441
new_2_323.mat,0.329515606164932
new_2_324.mat,-2.04100942611694
new_2_325.mat,0.20620721578598
new_2_326.mat,-0.00716017931699753
new_2_327.mat,0.531899690628052
new_2_328.mat,-0.344350010156631
new_2_329.mat,-0.788598835468292
new_2_33.mat,-0.391912937164307
new_2_330.mat,0.39274275302887
new_2_331.mat,-0.0383349359035492
new_2_332.mat,-0.357356637716293
new_2_333.mat,0.128714174032211
new_2_334.mat,0.0958908125758171
new_2_335.mat,-0.929335534572601
new_2_336.mat,-1.89400172233582
new_2_337.mat,-1.85743451118469
new_2_338.mat,-0.218789458274841
new_2_339.mat,0.239129215478897
new_2_34.mat,-1.18335318565369
new_2_340.mat,-0.439748883247375
new_2_341.mat,-1.06673657894135
new_2_342.mat,-0.0417562797665596
new_2_343.mat,-1.77455723285675
new_2_344.mat,-2.51571464538574
new_2_345.mat,-0.274753212928772
new_2_346.mat,0.710125744342804
new_2_347.mat,-0.919416427612305
new_2_348.mat,0.0109347999095917
new_2_349.mat,-0.423013687133789
new_2_35.mat,-0.0889221131801605
new_2_350.mat,0.803789079189301
new_2_351.mat,0.315265566110611
new_2_352.mat,-0.023272730410099
new_2_353.mat,-0.358679562807083
new_2_354.mat,-0.332173675298691
new_2_355.mat,-1.31256520748138
new_2_356.mat,-0.240995839238167
new_2_357.mat,-0.869833827018738
new_2_358.mat,-0.191849857568741
new_2_359.mat,-1.02235782146454
new_2_36.mat,-0.136165469884872
new_2_360.mat,-0.0141766592860222
new_2_361.mat,-0.0184708386659622
new_2_362.mat,-0.799303650856018
new_2_363.mat,-0.368707299232483
new_2_364.mat,0.159794375300407
new_2_365.mat,-0.417431354522705
new_2_366.mat,0.650978326797485
new_2_367.mat,-0.743382096290588
new_2_368.mat,0.732342660427094
new_2_369.mat,-0.306038171052933
new_2_37.mat,-0.292264044284821
new_2_370.mat,-0.531905710697174
new_2_371.mat,1.33558773994446
new_2_372.mat,1.42216873168945
new_2_373.mat,-0.36804461479187
new_2_374.mat,-0.0178652703762054
new_2_375.mat,-0.441632807254791
new_2_376.mat,-0.563465118408203
new_2_377.mat,-0.105395838618279
new_2_378.mat,-1.8871431350708
new_2_379.mat,0.295884430408478
new_2_38.mat,1.18185329437256
new_2_380.mat,0.138016730546951
new_2_381.mat,-0.55306088924408
new_2_382.mat,-0.110573798418045
new_2_383.mat,-1.03838169574738
new_2_384.mat,-0.085616447031498
new_2_385.mat,-0.295694082975388
new_2_386.mat,-0.624348759651184
new_2_387.mat,-0.375815808773041
new_2_388.mat,0.24969045817852
new_2_389.mat,-0.0238157510757446
new_2_39.mat,-0.303899526596069
new_2_390.mat,0.0389781594276428
new_2_391.mat,-0.280031055212021
new_2_392.mat,-2.39354085922241
new_2_393.mat,0.0641775503754616
new_2_394.mat,-0.272489428520203
new_2_395.mat,-1.95799469947815
new_2_396.mat,-0.346472889184952
new_2_397.mat,0.0948081612586975
new_2_398.mat,-0.514703810214996
new_2_399.mat,-1.23030114173889
new_2_4.mat,-0.0486175268888474
new_2_40.mat,-1.62491571903229
new_2_400.mat,-2.47372698783875
new_2_401.mat,-2.08402967453003
new_2_402.mat,-0.249214470386505
new_2_403.mat,-0.26255401968956
new_2_404.mat,-0.507232129573822
new_2_405.mat,-0.137842357158661
new_2_406.mat,-0.693112254142761
new_2_407.mat,0.265352338552475
new_2_408.mat,-2.49629426002502
new_2_409.mat,0.921654105186462
new_2_41.mat,-0.724851250648499
new_2_410.mat,-1.92112410068512
new_2_411.mat,0.298431217670441
new_2_412.mat,0.195392072200775
new_2_413.mat,-0.243684500455856
new_2_414.mat,-0.661229968070984
new_2_415.mat,0.804180324077606
new_2_416.mat,-0.337145686149597
new_2_417.mat,0.135316625237465
new_2_418.mat,-0.609930038452148
new_2_419.mat,0.0153465270996094
new_2_42.mat,0.545643270015717
new_2_420.mat,1.2851037979126
new_2_421.mat,0.106514289975166
new_2_422.mat,0.28724592924118
new_2_423.mat,-0.298925757408142
new_2_424.mat,-0.13385982811451
new_2_425.mat,-0.714666783809662
new_2_426.mat,0.263393431901932
new_2_427.mat,-0.169961422681808
new_2_428.mat,-2.10540676116943
new_2_429.mat,-0.493131816387177
new_2_43.mat,-0.618843555450439
new_2_430.mat,0.559362053871155
new_2_431.mat,-0.461118221282959
new_2_432.mat,0.165199458599091
new_2_433.mat,1.2851037979126
new_2_434.mat,-0.0499628037214279
new_2_435.mat,-0.236729145050049
new_2_436.mat,-0.576431512832642
new_2_437.mat,0.150383353233337
new_2_438.mat,-0.829280018806458
new_2_439.mat,0.0421571135520935
new_2_44.mat,3.07123422622681
new_2_440.mat,-0.629884243011475
new_2_441.mat,-0.719459235668182
new_2_442.mat,-1.63781547546387
new_2_443.mat,0.112217083573341
new_2_444.mat,0.0566721148788929
new_2_445.mat,-0.240201875567436
new_2_446.mat,-0.0396454408764839
new_2_447.mat,-0.0738855302333832
new_2_448.mat,-0.458271980285645
new_2_449.mat,-0.0405081212520599
new_2_45.mat,-0.330552935600281
new_2_450.mat,0.630996406078339
new_2_451.mat,-1.79357826709747
new_2_452.mat,0.0737964957952499
new_2_453.mat,-0.00937402248382568
new_2_454.mat,1.19721829891205
new_2_455.mat,-0.572597682476044
new_2_456.mat,-2.24954104423523
new_2_457.mat,1.10696363449097
new_2_458.mat,-2.41363668441772
new_2_459.mat,-1.85153985023499
new_2_46.mat,0.0661732107400894
new_2_460.mat,-0.650896847248077
new_2_461.mat,-0.943594396114349
new_2_462.mat,0.315740555524826
new_2_463.mat,0.0223184674978256
new_2_464.mat,-0.379222542047501
new_2_465.mat,0.796062588691711
new_2_466.mat,-0.135334074497223
new_2_467.mat,-0.594889163970947
new_2_468.mat,-0.0585063397884369
new_2_469.mat,-0.371791571378708
new_2_47.mat,0.0246144980192184
new_2_470.mat,0.157601907849312
new_2_471.mat,-0.2166708111763
new_2_472.mat,0.0750944316387177
new_2_473.mat,-0.125267267227173
new_2_474.mat,-0.276802003383636
new_2_475.mat,-0.706471502780914
new_2_476.mat,-0.136279955506325
new_2_477.mat,0.194621160626411
new_2_478.mat,-0.462124049663544
new_2_479.mat,0.200562596321106
new_2_48.mat,0.0414517819881439
new_2_480.mat,0.0093533992767334
new_2_481.mat,-0.32848185300827
new_2_482.mat,-0.387712597846985
new_2_483.mat,-0.423495411872864
new_2_484.mat,0.959130525588989
new_2_485.mat,-0.982391953468323
new_2_486.mat,0.372361421585083
new_2_487.mat,0.541883289813995
new_2_488.mat,0.506454944610596
new_2_489.mat,-0.796433925628662
new_2_49.mat,-0.138198465108871
new_2_490.mat,-0.480877667665482
new_2_491.mat,-0.303145051002502
new_2_492.mat,-2.61008667945862
new_2_493.mat,1.16152513027191
new_2_494.mat,-0.89757764339447
new_2_495.mat,0.565558850765228
new_2_496.mat,-0.498946070671082
new_2_497.mat,0.978491127490997
new_2_498.mat,0.142547607421875
new_2_499.mat,1.2851037979126
new_2_5.mat,-1.69555556774139
new_2_50.mat,0.0691087245941162
new_2_500.mat,-1.33418762683868
new_2_501.mat,0.264382898807526
new_2_502.mat,-0.190506249666214
new_2_503.mat,0.130496501922607
new_2_504.mat,-0.0389441698789597
new_2_505.mat,0.102221675217152
new_2_506.mat,-0.432652413845062
new_2_507.mat,0.0761052519083023
new_2_508.mat,-1.8087443113327
new_2_509.mat,-0.612046837806702
new_2_51.mat,0.0215451121330261
new_2_510.mat,0.285254567861557
new_2_511.mat,-0.724349915981293
new_2_512.mat,-0.601072192192078
new_2_513.mat,-0.53657203912735
new_2_514.mat,0.0446975156664848
new_2_515.mat,-1.00308465957642
new_2_516.mat,-1.5086590051651
new_2_517.mat,0.114950060844421
new_2_518.mat,-0.406438708305359
new_2_519.mat,0.331351459026337
new_2_52.mat,-0.839984178543091
new_2_520.mat,0.929729044437408
new_2_521.mat,-0.556387543678284
new_2_522.mat,-1.38745748996735
new_2_523.mat,-2.10385751724243
new_2_524.mat,-0.278217226266861
new_2_525.mat,1.4438339471817
new_2_526.mat,0.373554587364197
new_2_527.mat,0.148136928677559
new_2_528.mat,0.860531210899353
new_2_529.mat,-0.282721728086472
new_2_53.mat,-0.0790691673755646
new_2_530.mat,-0.53072452545166
new_2_531.mat,-0.297037601470947
new_2_532.mat,0.00543063879013062
new_2_533.mat,-0.185910999774933
new_2_534.mat,-0.107944846153259
new_2_535.mat,-0.884176731109619
new_2_536.mat,0.240127339959145
new_2_537.mat,-0.658117055892944
new_2_538.mat,0.111966706812382
new_2_539.mat,-0.20920667052269
new_2_54.mat,0.227338016033173
new_2_540.mat,-0.520360469818115
new_2_541.mat,-0.027452826499939
new_2_542.mat,-0.669661045074463
new_2_543.mat,0.18875578045845
new_2_544.mat,0.352012991905212
new_2_545.mat,0.124515600502491
new_2_546.mat,-0.586962699890137
new_2_547.mat,0.273579984903336
new_2_548.mat,-0.119325682520866
new_2_549.mat,0.113455936312675
new_2_55.mat,0.00242812559008598
new_2_550.mat,-0.242601364850998
new_2_551.mat,0.129214808344841
new_2_552.mat,-0.360387802124023
new_2_553.mat,-0.00417760014533997
new_2_554.mat,-0.358420521020889
new_2_555.mat,-1.85797643661499
new_2_556.mat,0.210413992404938
new_2_557.mat,-0.093834862112999
new_2_558.mat,-0.157361686229706
new_2_559.mat,-0.421866863965988
new_2_56.mat,-1.10961663722992
new_2_560.mat,-0.678640902042389
new_2_561.mat,-0.171884715557098
new_2_562.mat,0.0723141506314278
new_2_563.mat,-0.165694817900658
new_2_564.mat,-2.42188668251038
new_2_565.mat,-0.254297763109207
new_2_566.mat,-0.389954686164856
new_2_567.mat,-0.0703016519546509
new_2_568.mat,0.0586515665054321
new_2_569.mat,-0.275763034820557
new_2_57.mat,0.517927467823029
new_2_570.mat,-0.237759858369827
new_2_571.mat,-1.32403588294983
new_2_572.mat,-0.267262846231461
new_2_573.mat,-0.81242823600769
new_2_574.mat,-0.10125108808279
new_2_575.mat,-0.0945527106523514
new_2_576.mat,-0.165076389908791
new_2_577.mat,-0.455098092556
new_2_578.mat,-0.330245345830917
new_2_579.mat,0.0784134566783905
new_2_58.mat,-1.77680349349976
new_2_580.mat,-0.0354176759719849
new_2_581.mat,-0.178448617458344
new_2_582.mat,-1.81160628795624
new_2_583.mat,-2.10430312156677
new_2_584.mat,-0.171704202890396
new_2_585.mat,-0.156730651855469
new_2_586.mat,-1.11919713020325
new_2_587.mat,-1.38553309440613
new_2_588.mat,-0.324139267206192
new_2_589.mat,0.15331244468689
new_2_59.mat,-0.0722667053341866
new_2_590.mat,0.207024753093719
new_2_591.mat,-0.266612440347672
new_2_592.mat,-0.263541728258133
new_2_593.mat,-0.24285052716732
new_2_594.mat,0.290168195962906
new_2_595.mat,-1.63861346244812
new_2_596.mat,-1.1661616563797
new_2_597.mat,-0.393000841140747
new_2_598.mat,-0.020997054874897
new_2_599.mat,-0.52436226606369
new_2_6.mat,-0.715339660644531
new_2_60.mat,-1.16993927955627
new_2_600.mat,-0.432703197002411
new_2_601.mat,-0.0373260676860809
new_2_602.mat,-2.02217578887939
new_2_603.mat,-0.0406611934304237
new_2_604.mat,-0.178531497716904
new_2_605.mat,0.961308479309082
new_2_606.mat,-2.11236763000488
new_2_607.mat,-0.922984063625336
new_2_608.mat,-0.0492093004286289
new_2_609.mat,-0.433854848146439
new_2_61.mat,-0.351397484540939
new_2_610.mat,-2.14842414855957
new_2_611.mat,-1.01230680942535
new_2_612.mat,0.10899344086647
new_2_613.mat,0.148465111851692
new_2_614.mat,0.372944891452789
new_2_615.mat,-0.551959156990051
new_2_616.mat,-0.250955849885941
new_2_617.mat,-1.07632386684418
new_2_618.mat,-0.396707147359848
new_2_619.mat,-2.28794980049133
new_2_62.mat,-0.33984962105751
new_2_620.mat,-0.0578287467360497
new_2_621.mat,0.14935103058815
new_2_622.mat,-0.390491992235184
new_2_623.mat,-0.113098815083504
new_2_624.mat,-0.283980667591095
new_2_625.mat,-2.05393195152283
new_2_626.mat,-0.0335262268781662
new_2_627.mat,-0.497373253107071
new_2_628.mat,-0.865405738353729
new_2_629.mat,-0.209001392126083
new_2_63.mat,-0.312796145677567
new_2_630.mat,0.0816117227077484
new_2_631.mat,-0.77979964017868
new_2_632.mat,-1.90408539772034
new_2_633.mat,0.0655127018690109
new_2_634.mat,-0.671029448509216
new_2_635.mat,-0.359531223773956
new_2_636.mat,-0.2269686460495
new_2_637.mat,0.274692058563232
new_2_638.mat,-0.0523740276694298
new_2_639.mat,0.585287809371948
new_2_64.mat,-0.564928948879242
new_2_640.mat,-0.191392332315445
new_2_641.mat,-0.134569317102432
new_2_642.mat,0.0526185557246208
new_2_643.mat,-0.7402263879776
new_2_644.mat,0.31272155046463
new_2_645.mat,0.00784335285425186
new_2_646.mat,-0.471859663724899
new_2_647.mat,0.152152866125107
new_2_648.mat,-0.114413186907768
new_2_649.mat,-0.285658061504364
new_2_65.mat,-0.539799273014069
new_2_650.mat,0.0208930522203445
new_2_651.mat,0.312338292598724
new_2_652.mat,-1.87597632408142
new_2_653.mat,-0.713848233222961
new_2_654.mat,0.0149486884474754
new_2_655.mat,-0.481380879878998
new_2_656.mat,-1.10299146175385
new_2_657.mat,-1.00093483924866
new_2_658.mat,-1.23759865760803
new_2_659.mat,-0.11867456138134
new_2_66.mat,-0.0439204089343548
new_2_660.mat,0.487055420875549
new_2_661.mat,0.916923880577087
new_2_662.mat,0.10308738052845
new_2_663.mat,-0.173922583460808
new_2_664.mat,-1.7868390083313
new_2_665.mat,0.0484420955181122
new_2_666.mat,-0.355039715766907
new_2_667.mat,-0.477290540933609
new_2_668.mat,-1.90951251983643
new_2_669.mat,0.138509407639503
new_2_67.mat,-0.584989309310913
new_2_670.mat,-0.541070222854614
new_2_671.mat,0.0501821525394917
new_2_672.mat,-0.231717526912689
new_2_673.mat,-0.200122565031052
new_2_674.mat,0.124272689223289
new_2_675.mat,0.148226767778397
new_2_676.mat,0.0196784138679504
new_2_677.mat,-0.273898839950562
new_2_678.mat,0.173813939094543
new_2_679.mat,-1.97470569610596
new_2_68.mat,0.118587926030159
new_2_680.mat,-0.0365534126758575
new_2_681.mat,0.188918009400368
new_2_682.mat,-0.425940215587616
new_2_683.mat,-0.364365577697754
new_2_684.mat,0.239695161581039
new_2_685.mat,-1.01767182350159
new_2_686.mat,-0.64470636844635
new_2_687.mat,0.178530126810074
new_2_688.mat,-1.13715422153473
new_2_689.mat,-0.662046194076538
new_2_69.mat,-0.12774969637394
new_2_690.mat,-0.366415202617645
new_2_691.mat,0.0607529878616333
new_2_692.mat,0.0856627374887466
new_2_693.mat,-0.448648124933243
new_2_694.mat,0.336180090904236
new_2_695.mat,-0.646071791648865
new_2_696.mat,0.702793955802917
new_2_697.mat,-0.341255575418472
new_2_698.mat,-0.0313034206628799
new_2_699.mat,-0.177231594920158
new_2_7.mat,0.342523276805878
new_2_70.mat,-0.268765777349472
new_2_700.mat,-0.0749389156699181
new_2_701.mat,-0.756402313709259
new_2_702.mat,0.163895785808563
new_2_703.mat,-0.866702914237976
new_2_704.mat,-0.656999826431274
new_2_705.mat,0.103819459676743
new_2_706.mat,-0.20875471830368
new_2_707.mat,-0.106058478355408
new_2_708.mat,0.0850396305322647
new_2_709.mat,0.0198185350745916
new_2_71.mat,-0.397576332092285
new_2_710.mat,-0.211069673299789
new_2_711.mat,-0.046062245965004
new_2_712.mat,0.0979421511292458
new_2_713.mat,-2.13465547561646
new_2_714.mat,-0.41687348484993
new_2_715.mat,-0.0689556673169136
new_2_716.mat,-1.89359164237976
new_2_717.mat,-2.4605872631073
new_2_718.mat,-0.942537784576416
new_2_719.mat,-1.83540737628937
new_2_72.mat,-2.32657432556152
new_2_720.mat,-0.454461514949799
new_2_721.mat,0.251064866781235
new_2_722.mat,-0.142641305923462
new_2_723.mat,-0.180293813347816
new_2_724.mat,-2.13667583465576
new_2_725.mat,0.0362973362207413
new_2_726.mat,-0.0898657888174057
new_2_727.mat,1.6045663356781
new_2_728.mat,0.113028675317764
new_2_729.mat,-0.180335059762001
new_2_73.mat,0.289138823747635
new_2_730.mat,0.281278491020203
new_2_731.mat,-0.116634979844093
new_2_732.mat,0.0225468575954437
new_2_733.mat,-0.68915593624115
new_2_734.mat,-2.23605871200562
new_2_735.mat,0.355148494243622
new_2_736.mat,-0.0110902171581984
new_2_737.mat,-0.645939528942108
new_2_738.mat,-0.523768901824951
new_2_739.mat,-0.0368615463376045
new_2_74.mat,-0.348095268011093
new_2_740.mat,1.2851037979126
new_2_741.mat,-0.758132815361023
new_2_742.mat,-1.43374705314636
new_2_743.mat,0.156064718961716
new_2_744.mat,-0.189100161194801
new_2_745.mat,-1.25782513618469
new_2_746.mat,0.327634453773499
new_2_747.mat,-0.769211411476135
new_2_748.mat,-0.0901402831077576
new_2_749.mat,-0.964346587657928
new_2_75.mat,0.253215283155441
new_2_750.mat,-2.3534529209137
new_2_751.mat,-1.53999400138855
new_2_752.mat,-1.65169453620911
new_2_753.mat,-0.740800619125366
new_2_754.mat,-0.580410361289978
new_2_755.mat,-0.148876532912254
new_2_756.mat,-1.12153446674347
new_2_757.mat,-1.69652152061462
new_2_758.mat,0.263243496417999
new_2_759.mat,-0.838625729084015
new_2_76.mat,-0.310978621244431
new_2_760.mat,-0.0223513692617416
new_2_761.mat,-0.41411966085434
new_2_762.mat,0.944232940673828
new_2_763.mat,1.70104384422302
new_2_764.mat,-0.930652797222137
new_2_765.mat,0.542990922927856
new_2_766.mat,-0.834493398666382
new_2_767.mat,0.0744489431381226
new_2_768.mat,-0.79656982421875
new_2_769.mat,-0.262040436267853
new_2_77.mat,0.878565728664398
new_2_770.mat,0.0110824108123779
new_2_771.mat,-0.329062670469284
new_2_772.mat,-0.475282460451126
new_2_773.mat,0.527881026268005
new_2_774.mat,-0.187562882900238
new_2_775.mat,0.431699246168137
new_2_776.mat,-0.695316553115845
new_2_777.mat,0.499121397733688
new_2_778.mat,-0.897283017635345
new_2_779.mat,-0.532628357410431
new_2_78.mat,2.28076410293579
new_2_780.mat,-0.502227425575256
new_2_781.mat,-0.597347378730774
new_2_782.mat,0.258522510528564
new_2_783.mat,-0.349817872047424
new_2_784.mat,0.0712039768695831
new_2_785.mat,1.46552658081055
new_2_786.mat,0.146989941596985
new_2_787.mat,-0.850859642028809
new_2_788.mat,0.420602679252625
new_2_789.mat,-0.283826440572739
new_2_79.mat,-0.396015018224716
new_2_790.mat,-0.00338675081729889
new_2_791.mat,0.634835958480835
new_2_792.mat,0.348461031913757
new_2_793.mat,-0.977329850196838
new_2_794.mat,0.335534423589706
new_2_795.mat,0.428889602422714
new_2_796.mat,-0.162601351737976
new_2_797.mat,-1.41581654548645
new_2_798.mat,0.0824243575334549
new_2_799.mat,0.833890080451965
new_2_8.mat,-0.439359992742538
new_2_80.mat,-0.4356290102005
new_2_800.mat,-0.219281822443008
new_2_801.mat,-0.456910848617554
new_2_802.mat,0.226282030344009
new_2_803.mat,-1.95653009414673
new_2_804.mat,1.00494003295898
new_2_805.mat,0.0479169487953186
new_2_806.mat,0.0841819643974304
new_2_807.mat,0.189131751656532
new_2_808.mat,-0.473696947097778
new_2_809.mat,-1.9290599822998
new_2_81.mat,-2.00655937194824
new_2_810.mat,-1.79888641834259
new_2_811.mat,1.39553511142731
new_2_812.mat,0.0311492383480072
new_2_813.mat,0.333233594894409
new_2_814.mat,-0.419425845146179
new_2_815.mat,-0.385988980531693
new_2_816.mat,-1.93324041366577
new_2_817.mat,-1.01936531066895
new_2_818.mat,-0.194662094116211
new_2_819.mat,-0.259759455919266
new_2_82.mat,-0.27700412273407
new_2_820.mat,0.906326174736023
new_2_821.mat,-0.0270860567688942
new_2_822.mat,-0.175359532237053
new_2_823.mat,-0.970482230186462
new_2_824.mat,1.75045418739319
new_2_825.mat,-1.36271047592163
new_2_826.mat,-0.601925432682037
new_2_827.mat,0.15872360765934
new_2_828.mat,-1.04230403900146
new_2_829.mat,-0.241135224699974
new_2_83.mat,-0.200700581073761
new_2_830.mat,-1.03448557853699
new_2_831.mat,-0.359726965427399
new_2_832.mat,-0.230413720011711
new_2_833.mat,-0.4865782558918
new_2_834.mat,2.07012414932251
new_2_835.mat,-0.537807583808899
new_2_836.mat,-0.55355429649353
new_2_837.mat,-0.248943865299225
new_2_838.mat,-0.581055879592896
new_2_839.mat,-0.195494949817657
new_2_84.mat,-0.000697407871484756
new_2_840.mat,0.664297521114349
new_2_841.mat,-0.171644628047943
new_2_842.mat,-0.00553390383720398
new_2_843.mat,-0.459639847278595
new_2_844.mat,-0.597204029560089
new_2_845.mat,-0.0433747842907906
new_2_846.mat,0.370486080646515
new_2_847.mat,-0.388049960136414
new_2_848.mat,-2.25463056564331
new_2_849.mat,0.0272427424788475
new_2_85.mat,0.0262393765151501
new_2_850.mat,0.133271664381027
new_2_851.mat,-2.10354232788086
new_2_852.mat,-2.4160315990448
new_2_853.mat,-0.0989536046981812
new_2_854.mat,-0.0147335380315781
new_2_855.mat,-0.407063990831375
new_2_856.mat,-2.03266620635986
new_2_857.mat,-2.43289422988892
new_2_858.mat,0.309699386358261
new_2_859.mat,-1.5513801574707
new_2_86.mat,-1.24558424949646
new_2_860.mat,-0.998927056789398
new_2_861.mat,-1.98720991611481
new_2_862.mat,1.40741658210754
new_2_863.mat,0.356964081525803
new_2_864.mat,-0.141428589820862
new_2_865.mat,-0.542486488819122
new_2_866.mat,-0.682525336742401
new_2_867.mat,-0.195466309785843
new_2_868.mat,-0.0706152468919754
new_2_869.mat,-0.364973485469818
new_2_87.mat,-0.432055473327637
new_2_870.mat,0.481429785490036
new_2_871.mat,-0.196379899978638
new_2_872.mat,0.278472632169724
new_2_873.mat,-2.42281556129456
new_2_874.mat,0.159695237874985
new_2_875.mat,-0.0787061601877213
new_2_876.mat,-0.461620301008224
new_2_877.mat,-1.21771562099457
new_2_878.mat,0.263880580663681
new_2_879.mat,-0.194361612200737
new_2_88.mat,1.38937735557556
new_2_880.mat,-0.242057323455811
new_2_881.mat,-1.90834784507751
new_2_882.mat,-0.400778621435165
new_2_883.mat,-0.115075677633286
new_2_884.mat,0.293394446372986
new_2_885.mat,0.314991295337677
new_2_886.mat,-0.132154166698456
new_2_887.mat,-0.169745802879334
new_2_888.mat,-0.181970968842506
new_2_889.mat,0.165402412414551
new_2_89.mat,-0.183329701423645
new_2_890.mat,-2.18700838088989
new_2_891.mat,2.11395692825317
new_2_892.mat,0.0758622735738754
new_2_893.mat,-0.76141619682312
new_2_894.mat,0.00135029666125774
new_2_895.mat,-0.0264681875705719
new_2_896.mat,-0.130324751138687
new_2_897.mat,-0.270869165658951
new_2_898.mat,-1.51211714744568
new_2_899.mat,-0.331118732690811
new_2_9.mat,-1.29313790798187
new_2_90.mat,0.243946522474289
new_2_900.mat,-0.635615825653076
new_2_901.mat,-0.046959176659584
new_2_902.mat,0.38847953081131
new_2_903.mat,-0.0574413686990738
new_2_904.mat,-0.290469765663147
new_2_905.mat,-1.98512601852417
new_2_906.mat,-0.471386313438416
new_2_907.mat,-1.18346118927002
new_2_908.mat,-0.395738631486893
new_2_909.mat,-2.37637066841125
new_2_91.mat,-0.53316205739975
new_2_910.mat,-0.77608186006546
new_2_911.mat,-0.225978553295136
new_2_912.mat,-0.357445299625397
new_2_913.mat,-0.0158059969544411
new_2_914.mat,-0.369741171598434
new_2_915.mat,1.58678150177002
new_2_916.mat,-0.0541536808013916
new_2_917.mat,-0.0774712190032005
new_2_918.mat,0.0449257045984268
new_2_919.mat,0.0942747294902802
new_2_92.mat,-0.580884039402008
new_2_920.mat,-0.370528966188431
new_2_921.mat,-0.352033793926239
new_2_922.mat,0.367999702692032
new_2_923.mat,-0.224417641758919
new_2_924.mat,1.86820459365845
new_2_925.mat,-0.167431980371475
new_2_926.mat,-0.789328157901764
new_2_927.mat,0.244460105895996
new_2_928.mat,0.377049326896667
new_2_929.mat,0.120537996292114
new_2_93.mat,-0.25332236289978
new_2_930.mat,-0.12368232011795
new_2_931.mat,-0.429285764694214
new_2_932.mat,-1.46805703639984
new_2_933.mat,0.28078880906105
new_2_934.mat,-0.107702761888504
new_2_935.mat,-0.708330094814301
new_2_936.mat,-0.957909762859344
new_2_937.mat,-0.5784912109375
new_2_938.mat,-1.28119039535522
new_2_939.mat,0.193399995565414
new_2_94.mat,1.2851037979126
new_2_940.mat,-0.72024792432785
new_2_941.mat,-0.0314066410064697
new_2_942.mat,0.41961145401001
new_2_943.mat,-0.221797749400139
new_2_944.mat,-0.795894503593445
new_2_945.mat,-1.46585822105408
new_2_946.mat,0.583640575408936
new_2_947.mat,-1.83841824531555
new_2_948.mat,0.61220395565033
new_2_949.mat,-0.5480797290802
new_2_95.mat,-1.66988658905029
new_2_950.mat,0.0654919892549515
new_2_951.mat,0.271215558052063
new_2_952.mat,-0.532530903816223
new_2_953.mat,0.464101761579514
new_2_954.mat,0.238583132624626
new_2_955.mat,-0.164599433541298
new_2_956.mat,-0.903677225112915
new_2_957.mat,-0.298397451639175
new_2_958.mat,-0.116469696164131
new_2_959.mat,-2.20141744613647
new_2_96.mat,0.184990167617798
new_2_960.mat,0.016629621386528
new_2_961.mat,0.0370699167251587
new_2_962.mat,-0.683982253074646
new_2_963.mat,-0.592757046222687
new_2_964.mat,0.307468950748444
new_2_965.mat,0.109773695468903
new_2_966.mat,-0.0737836062908173
new_2_967.mat,-0.566803872585297
new_2_968.mat,-0.247184351086617
new_2_969.mat,-0.974062561988831
new_2_97.mat,-0.143070191144943
new_2_970.mat,-0.538627743721008
new_2_971.mat,0.095304548740387
new_2_972.mat,-0.533138513565063
new_2_973.mat,0.00716298818588257
new_2_974.mat,-0.983654022216797
new_2_975.mat,0.217094510793686
new_2_976.mat,0.0222265720367432
new_2_977.mat,-0.207081407308578
new_2_978.mat,0.0482416152954102
new_2_979.mat,-0.229228109121323
new_2_98.mat,0.097720742225647
new_2_980.mat,1.3104954957962
new_2_981.mat,0.120937533676624
new_2_982.mat,-0.823726415634155
new_2_983.mat,-0.304802238941193
new_2_984.mat,1.44350910186768
new_2_985.mat,-0.240614995360374
new_2_986.mat,-1.1609354019165
new_2_987.mat,0.270587533712387
new_2_988.mat,-2.009352684021
new_2_989.mat,-0.000277414917945862
new_2_99.mat,0.00307992100715637
new_2_990.mat,0.0401825904846191
new_2_991.mat,-0.629621148109436
new_2_992.mat,-0.734458565711975
new_2_993.mat,0.101178035140038
new_2_994.mat,0.245770394802094
new_2_995.mat,-0.377400875091553
new_2_996.mat,-1.68333268165588
new_2_997.mat,-0.444426238536835
new_2_998.mat,-0.260854065418243
new_2_999.mat,-0.641185879707336
new_3_1.mat,0.318152517080307
new_3_10.mat,-0.231542676687241
new_3_100.mat,0.189880728721619
new_3_101.mat,0.41428816318512
new_3_102.mat,0.0263649523258209
new_3_103.mat,0.0846544504165649
new_3_104.mat,0.793596148490906
new_3_105.mat,0.360908001661301
new_3_106.mat,0.789667129516602
new_3_107.mat,0.0787169560790062
new_3_108.mat,-0.15680031478405
new_3_109.mat,0.40706929564476
new_3_11.mat,-0.921953439712524
new_3_110.mat,-0.0515050813555717
new_3_111.mat,-0.379321426153183
new_3_112.mat,0.0991891995072365
new_3_113.mat,-0.520547986030579
new_3_114.mat,-0.348394572734833
new_3_115.mat,0.449848353862762
new_3_116.mat,0.544621825218201
new_3_117.mat,0.607218265533447
new_3_118.mat,0.588494420051575
new_3_119.mat,-0.580889105796814
new_3_12.mat,0.12257045507431
new_3_120.mat,-0.259023815393448
new_3_121.mat,0.381522804498672
new_3_122.mat,0.177387416362762
new_3_123.mat,0.792829394340515
new_3_124.mat,0.0993914529681206
new_3_125.mat,-0.290067613124847
new_3_126.mat,-0.0799337178468704
new_3_127.mat,0.735239863395691
new_3_128.mat,-0.186747342348099
new_3_129.mat,-0.184348434209824
new_3_13.mat,0.585233688354492
new_3_130.mat,-0.32732218503952
new_3_131.mat,-0.0482663065195084
new_3_132.mat,-0.0623679161071777
new_3_133.mat,-0.384353548288345
new_3_134.mat,0.309637606143951
new_3_135.mat,-0.285707235336304
new_3_136.mat,-0.731780290603638
new_3_137.mat,1.29265034198761
new_3_138.mat,0.925240874290466
new_3_139.mat,0.240510433912277
new_3_14.mat,-0.0752510577440262
new_3_140.mat,-0.403714746236801
new_3_141.mat,-0.883406281471252
new_3_142.mat,-0.178285449743271
new_3_143.mat,-0.773732542991638
new_3_144.mat,-0.5545933842659
new_3_145.mat,0.398003727197647
new_3_146.mat,0.63442862033844
new_3_147.mat,0.142534822225571
new_3_148.mat,0.614014625549316
new_3_149.mat,-0.296140283346176
new_3_15.mat,-0.0675285682082176
new_3_150.mat,0.187014639377594
new_3_151.mat,0.744843125343323
new_3_152.mat,0.0138784348964691
new_3_153.mat,0.226624876260757
new_3_154.mat,0.683534860610962
new_3_155.mat,1.33512783050537
new_3_156.mat,-0.135881185531616
new_3_157.mat,1.63920736312866
new_3_158.mat,0.270788699388504
new_3_159.mat,0.125560864806175
new_3_16.mat,-1.47253036499023
new_3_160.mat,-0.0525745674967766
new_3_161.mat,-0.0314586460590363
new_3_162.mat,0.13975116610527
new_3_163.mat,-0.610254049301147
new_3_164.mat,0.0946572870016098
new_3_165.mat,1.09079802036285
new_3_166.mat,1.14756119251251
new_3_167.mat,0.872660040855408
new_3_168.mat,0.298031330108643
new_3_169.mat,-0.0582232996821404
new_3_17.mat,0.174964427947998
new_3_170.mat,-0.291247457265854
new_3_171.mat,0.758818984031677
new_3_172.mat,-0.306403428316116
new_3_173.mat,0.0757322311401367
new_3_174.mat,0.299086928367615
new_3_175.mat,0.30902236700058
new_3_176.mat,-1.76741886138916
new_3_177.mat,-0.228641584515572
new_3_178.mat,0.964354157447815
new_3_179.mat,-0.130397111177444
new_3_18.mat,0.977701902389526
new_3_180.mat,-0.694690108299255
new_3_181.mat,-0.0941186621785164
new_3_182.mat,0.760177195072174
new_3_183.mat,0.785514950752258
new_3_184.mat,0.249952241778374
new_3_185.mat,-0.222700148820877
new_3_186.mat,0.100838899612427
new_3_187.mat,-0.504602909088135
new_3_188.mat,0.420676112174988
new_3_189.mat,1.82976889610291
new_3_19.mat,-0.0937501788139343
new_3_190.mat,-0.270812630653381
new_3_191.mat,0.901195108890533
new_3_192.mat,-1.30268466472626
new_3_193.mat,-0.283937573432922
new_3_194.mat,-0.0327322892844677
new_3_195.mat,-0.104922205209732
new_3_196.mat,0.114436641335487
new_3_197.mat,0.488604456186295
new_3_198.mat,0.179581701755524
new_3_199.mat,0.00285914540290833
new_3_2.mat,0.673066437244415
new_3_20.mat,0.391268670558929
new_3_200.mat,-0.462390661239624
new_3_201.mat,-0.426220893859863
new_3_202.mat,-0.0364628285169601
new_3_203.mat,-0.819872498512268
new_3_204.mat,-0.518604516983032
new_3_205.mat,-1.5948144197464
new_3_206.mat,-0.379257082939148
new_3_207.mat,0.244935899972916
new_3_208.mat,1.27145075798035
new_3_209.mat,1.1767715215683
new_3_21.mat,1.1571683883667
new_3_210.mat,0.763400077819824
new_3_211.mat,-0.164971977472305
new_3_212.mat,-0.50239634513855
new_3_213.mat,-0.527553498744965
new_3_214.mat,0.467860758304596
new_3_215.mat,0.356876075267792
new_3_216.mat,-0.105549313127995
new_3_217.mat,-1.02579951286316
new_3_218.mat,0.217193335294724
new_3_219.mat,1.25860941410065
new_3_22.mat,-1.15552318096161
new_3_220.mat,0.444015085697174
new_3_221.mat,0.406318128108978
new_3_222.mat,0.553912043571472
new_3_223.mat,1.37608253955841
new_3_224.mat,-0.239297315478325
new_3_225.mat,-0.210774660110474
new_3_226.mat,-0.027203269302845
new_3_227.mat,0.155028134584427
new_3_228.mat,-0.205703601241112
new_3_229.mat,-0.189462304115295
new_3_23.mat,0.936859011650085
new_3_230.mat,-0.435552299022675
new_3_231.mat,-0.571777164936066
new_3_232.mat,0.401629388332367
new_3_233.mat,-0.591012597084045
new_3_234.mat,0.0375837087631226
new_3_235.mat,1.04207897186279
new_3_236.mat,0.536020874977112
new_3_237.mat,0.679244577884674
new_3_238.mat,0.747054100036621
new_3_239.mat,-0.207057118415833
new_3_24.mat,-0.345198750495911
new_3_240.mat,-0.339671909809113
new_3_241.mat,0.375797420740128
new_3_242.mat,-0.115566395223141
new_3_243.mat,0.429964929819107
new_3_244.mat,0.644656121730804
new_3_245.mat,-0.381856381893158
new_3_246.mat,0.414759576320648
new_3_247.mat,1.12668263912201
new_3_248.mat,-0.454255908727646
new_3_249.mat,0.100951053202152
new_3_25.mat,0.297684669494629
new_3_250.mat,-0.0285288393497467
new_3_251.mat,1.10647773742676
new_3_252.mat,1.65561783313751
new_3_253.mat,-0.805638611316681
new_3_254.mat,0.949069023132324
new_3_255.mat,0.508989274501801
new_3_256.mat,0.902572453022003
new_3_257.mat,-0.247302740812302
new_3_258.mat,-0.0721845924854279
new_3_259.mat,1.35074400901794
new_3_26.mat,-0.393943101167679
new_3_260.mat,0.69759476184845
new_3_261.mat,0.921948671340942
new_3_262.mat,0.746364712715149
new_3_263.mat,-0.478457391262054
new_3_264.mat,-1.09028279781342
new_3_265.mat,-0.523662686347961
new_3_266.mat,0.359666466712952
new_3_267.mat,0.085449606180191
new_3_268.mat,0.670287847518921
new_3_269.mat,0.377372741699219
new_3_27.mat,1.55085706710815
new_3_270.mat,0.743861496448517
new_3_271.mat,-0.0895219147205353
new_3_272.mat,-0.530543982982636
new_3_273.mat,0.220789313316345
new_3_274.mat,-0.0621732585132122
new_3_275.mat,-0.132094010710716
new_3_276.mat,-0.71441113948822
new_3_277.mat,0.886568903923035
new_3_278.mat,-0.0647068321704865
new_3_279.mat,-0.0965819135308266
new_3_28.mat,-0.47582620382309
new_3_280.mat,0.619602918624878
new_3_281.mat,-0.60903799533844
new_3_282.mat,-0.120797544717789
new_3_283.mat,0.831824660301209
new_3_284.mat,0.298500329256058
new_3_285.mat,1.51294922828674
new_3_286.mat,0.598650097846985
new_3_287.mat,0.639717876911163
new_3_288.mat,-0.403320252895355
new_3_289.mat,0.111060224473476
new_3_29.mat,0.585703134536743
new_3_290.mat,-0.134289979934692
new_3_291.mat,-0.631328403949738
new_3_292.mat,-0.0691290721297264
new_3_293.mat,0.889433145523071
new_3_294.mat,0.113502413034439
new_3_295.mat,-0.480002671480179
new_3_296.mat,0.789305806159973
new_3_297.mat,-0.217607364058495
new_3_298.mat,1.05397152900696
new_3_299.mat,-0.614585161209106
new_3_3.mat,-0.0918248370289803
new_3_30.mat,0.727123618125916
new_3_300.mat,0.84853720664978
new_3_301.mat,-0.065578892827034
new_3_302.mat,0.0518820881843567
new_3_303.mat,-0.0419926196336746
new_3_304.mat,0.947526395320892
new_3_305.mat,1.01587772369385
new_3_306.mat,-0.0760337561368942
new_3_307.mat,0.442427814006805
new_3_308.mat,0.131827533245087
new_3_309.mat,0.728322684764862
new_3_31.mat,-0.0452217310667038
new_3_310.mat,0.102426387369633
new_3_311.mat,0.399852991104126
new_3_312.mat,-0.129526615142822
new_3_313.mat,0.686249196529388
new_3_314.mat,1.09843480587006
new_3_315.mat,-0.207028210163116
new_3_316.mat,1.07347524166107
new_3_317.mat,0.255826056003571
new_3_318.mat,0.359800577163696
new_3_319.mat,-0.442573130130768
new_3_32.mat,-0.226159602403641
new_3_320.mat,0.440508544445038
new_3_321.mat,-0.261703133583069
new_3_322.mat,0.176496133208275
new_3_323.mat,-0.80499255657196
new_3_324.mat,1.27966642379761
new_3_325.mat,-0.424992442131042
new_3_326.mat,-0.36708390712738
new_3_327.mat,-0.358443200588226
new_3_328.mat,-0.0564597994089127
new_3_329.mat,0.128361761569977
new_3_33.mat,0.302835315465927
new_3_330.mat,0.12326093018055
new_3_331.mat,-0.235146775841713
new_3_332.mat,0.29632169008255
new_3_333.mat,-0.21698847413063
new_3_334.mat,0.963393211364746
new_3_335.mat,0.653055429458618
new_3_336.mat,0.583165109157562
new_3_337.mat,-1.00882852077484
new_3_338.mat,-0.6201411485672
new_3_339.mat,-0.0557309687137604
new_3_34.mat,-0.695350885391235
new_3_340.mat,0.196677580475807
new_3_341.mat,0.113649994134903
new_3_342.mat,0.389824718236923
new_3_343.mat,0.486911565065384
new_3_344.mat,0.0545373857021332
new_3_345.mat,0.0451179146766663
new_3_346.mat,0.25418221950531
new_3_347.mat,-0.544578611850739
new_3_348.mat,-0.355029940605164
new_3_349.mat,0.233959287405014
new_3_35.mat,0.0987110510468483
new_3_350.mat,1.62303137779236
new_3_351.mat,0.234572887420654
new_3_352.mat,-0.125784903764725
new_3_353.mat,-0.411463528871536
new_3_354.mat,0.860298633575439
new_3_355.mat,-0.0797596871852875
new_3_356.mat,0.61527818441391
new_3_357.mat,-0.82499635219574
new_3_358.mat,-0.190309941768646
new_3_359.mat,0.164337053894997
new_3_36.mat,1.10490238666534
new_3_360.mat,0.60001677274704
new_3_361.mat,0.239581018686295
new_3_362.mat,0.413109481334686
new_3_363.mat,0.758360028266907
new_3_364.mat,0.624251365661621
new_3_365.mat,0.202211320400238
new_3_366.mat,0.756073594093323
new_3_367.mat,-0.0521755516529083
new_3_368.mat,1.06432342529297
new_3_369.mat,-1.2934365272522
new_3_37.mat,1.153080701828
new_3_370.mat,-0.47201344370842
new_3_371.mat,0.468779534101486
new_3_372.mat,-0.0249596387147903
new_3_373.mat,-1.46783852577209
new_3_374.mat,0.0979547798633575
new_3_375.mat,0.80858302116394
new_3_376.mat,-0.210787653923035
new_3_377.mat,0.822899401187897
new_3_378.mat,0.364056646823883
new_3_379.mat,0.0128080360591412
new_3_38.mat,-0.291975229978561
new_3_380.mat,-0.00240302085876465
new_3_381.mat,0.419610351324081
new_3_382.mat,0.46256685256958
new_3_383.mat,0.347232580184937
new_3_384.mat,0.71610552072525
new_3_385.mat,-0.207214280962944
new_3_386.mat,1.40043663978577
new_3_387.mat,0.0173728130757809
new_3_388.mat,-0.375927001237869
new_3_389.mat,0.403473258018494
new_3_39.mat,-0.0881522446870804
new_3_390.mat,-0.672891020774841
new_3_391.mat,0.945523500442505
new_3_392.mat,-0.0439929068088531
new_3_393.mat,-0.377316206693649
new_3_394.mat,-0.586287021636963
new_3_395.mat,-0.61553966999054
new_3_396.mat,-0.218342408537865
new_3_397.mat,-0.23538264632225
new_3_398.mat,-0.38678902387619
new_3_399.mat,-0.776675701141357
new_3_4.mat,-0.190383732318878
new_3_40.mat,0.769027471542358
new_3_400.mat,0.218336462974548
new_3_401.mat,-0.333479106426239
new_3_402.mat,1.04361164569855
new_3_403.mat,0.282639563083649
new_3_404.mat,0.533380210399628
new_3_405.mat,0.406037151813507
new_3_406.mat,-0.0246198773384094
new_3_407.mat,-0.132516980171204
new_3_408.mat,1.68047916889191
new_3_409.mat,0.707398414611816
new_3_41.mat,0.290262639522552
new_3_410.mat,-0.0708061754703522
new_3_411.mat,-0.475310087203979
new_3_412.mat,1.27824282646179
new_3_413.mat,0.56299501657486
new_3_414.mat,-0.508038818836212
new_3_415.mat,0.700943827629089
new_3_416.mat,0.318977653980255
new_3_417.mat,0.0044714268296957
new_3_418.mat,0.236590832471848
new_3_419.mat,-0.44301837682724
new_3_42.mat,0.0510722398757935
new_3_420.mat,0.54185938835144
new_3_421.mat,0.0180607736110687
new_3_422.mat,-0.312212407588959
new_3_423.mat,0.509019196033478
new_3_424.mat,-0.041327178478241
new_3_425.mat,0.66112756729126
new_3_426.mat,0.966160356998444
new_3_427.mat,0.741100192070007
new_3_428.mat,0.116025775671005
new_3_429.mat,0.812595129013062
new_3_43.mat,-0.0138433948159218
new_3_430.mat,0.0544693171977997
new_3_431.mat,-0.354322671890259
new_3_432.mat,-0.0332317724823952
new_3_433.mat,0.460363507270813
new_3_434.mat,0.00607869774103165
new_3_435.mat,0.728579938411713
new_3_436.mat,-0.245396018028259
new_3_437.mat,1.21277272701263
new_3_438.mat,0.851914286613464
new_3_439.mat,0.974722862243652
new_3_44.mat,0.298888087272644
new_3_440.mat,0.188649713993073
new_3_441.mat,-1.68693602085114
new_3_442.mat,0.630448877811432
new_3_443.mat,0.357005774974823
new_3_444.mat,0.749803721904755
new_3_445.mat,0.215908408164978
new_3_446.mat,0.926591277122498
new_3_447.mat,0.0908730030059814
new_3_448.mat,-0.489935010671616
new_3_449.mat,0.383926153182983
new_3_45.mat,0.201114475727081
new_3_450.mat,-0.350483477115631
new_3_451.mat,0.103556707501411
new_3_452.mat,0.965611100196838
new_3_453.mat,0.548128247261047
new_3_454.mat,0.197041928768158
new_3_455.mat,-1.75790333747864
new_3_456.mat,0.277323842048645
new_3_457.mat,-0.573821783065796
new_3_458.mat,-0.0350818485021591
new_3_459.mat,1.06915640830994
new_3_46.mat,0.133245840668678
new_3_460.mat,0.626229822635651
new_3_461.mat,0.49966898560524
new_3_462.mat,0.228031784296036
new_3_463.mat,-0.523833990097046
new_3_464.mat,-0.091858983039856
new_3_465.mat,-0.0247153341770172
new_3_466.mat,0.312496483325958
new_3_467.mat,-0.483216732740402
new_3_468.mat,0.148764312267303
new_3_469.mat,-0.300683319568634
new_3_47.mat,-0.477342337369919
new_3_470.mat,0.87788712978363
new_3_471.mat,0.173897117376328
new_3_472.mat,0.920956134796143
new_3_473.mat,0.381047993898392
new_3_474.mat,0.320478320121765
new_3_475.mat,1.09287595748901
new_3_476.mat,-0.58140230178833
new_3_477.mat,0.66538143157959
new_3_478.mat,-0.542918682098389
new_3_479.mat,-0.251540184020996
new_3_48.mat,0.047682136297226
new_3_480.mat,0.363419026136398
new_3_481.mat,0.878819823265076
new_3_482.mat,-0.273384064435959
new_3_483.mat,0.747557997703552
new_3_484.mat,0.451289445161819
new_3_485.mat,-0.428077697753906
new_3_486.mat,0.778374135494232
new_3_487.mat,1.28614938259125
new_3_488.mat,0.598320603370667
new_3_489.mat,1.55064249038696
new_3_49.mat,-0.0106061100959778
new_3_490.mat,0.216804936528206
new_3_491.mat,-0.513028025627136
new_3_492.mat,0.436322748661041
new_3_493.mat,0.0369918756186962
new_3_494.mat,0.116646885871887
new_3_495.mat,-0.63909900188446
new_3_496.mat,-0.0110735893249512
new_3_497.mat,0.00268158316612244
new_3_498.mat,-0.567226350307465
new_3_499.mat,0.920942723751068
new_3_5.mat,0.170117244124413
new_3_50.mat,-0.140778049826622
new_3_500.mat,0.610967814922333
new_3_501.mat,-0.662472307682037
new_3_502.mat,0.37347286939621
new_3_503.mat,-0.536541104316711
new_3_504.mat,-0.0569424033164978
new_3_505.mat,-0.606345474720001
new_3_506.mat,0.0912737548351288
new_3_507.mat,1.20441496372223
new_3_508.mat,-0.328977733850479
new_3_509.mat,0.0544428825378418
new_3_51.mat,-0.16319739818573
new_3_510.mat,-0.169268786907196
new_3_511.mat,-1.04128694534302
new_3_512.mat,0.535812139511108
new_3_513.mat,-0.482681691646576
new_3_514.mat,0.0338514149188995
new_3_515.mat,1.21298027038574
new_3_516.mat,-1.29331147670746
new_3_517.mat,-0.343072712421417
new_3_518.mat,0.760859847068787
new_3_519.mat,0.160713404417038
new_3_52.mat,0.54592490196228
new_3_520.mat,-0.00209365785121918
new_3_521.mat,-0.538618385791779
new_3_522.mat,1.57562637329102
new_3_523.mat,0.949513137340546
new_3_524.mat,1.14405155181885
new_3_525.mat,-0.38390177488327
new_3_526.mat,-0.420204490423203
new_3_527.mat,0.995377779006958
new_3_528.mat,0.071188673377037
new_3_529.mat,0.595076024532318
new_3_53.mat,0.0129041634500027
new_3_530.mat,0.535022437572479
new_3_531.mat,0.740971028804779
new_3_532.mat,-0.362475872039795
new_3_533.mat,0.0882909819483757
new_3_534.mat,-0.577118754386902
new_3_535.mat,-0.0257607400417328
new_3_536.mat,0.95289421081543
new_3_537.mat,0.169060066342354
new_3_538.mat,-1.00413107872009
new_3_539.mat,1.46272206306458
new_3_54.mat,0.405150771141052
new_3_540.mat,-0.0909546092152596
new_3_541.mat,-0.285228490829468
new_3_542.mat,-0.187844514846802
new_3_543.mat,-0.126410692930222
new_3_544.mat,1.2851037979126
new_3_545.mat,0.423508405685425
new_3_546.mat,0.461769938468933
new_3_547.mat,-0.458595216274261
new_3_548.mat,0.0218622796237469
new_3_549.mat,-0.17596822977066
new_3_55.mat,-0.0964246988296509
new_3_550.mat,0.876503705978394
new_3_551.mat,0.332509249448776
new_3_552.mat,-0.340715557336807
new_3_553.mat,0.0573544502258301
new_3_554.mat,1.26650190353394
new_3_555.mat,-0.753616333007813
new_3_556.mat,0.957593560218811
new_3_557.mat,0.012457937002182
new_3_558.mat,-0.0565332174301147
new_3_559.mat,0.837502956390381
new_3_56.mat,1.25804018974304
new_3_560.mat,0.0314008891582489
new_3_561.mat,-0.41921928524971
new_3_562.mat,0.386514782905579
new_3_563.mat,-0.311262309551239
new_3_564.mat,-0.319368243217468
new_3_565.mat,0.38281387090683
new_3_566.mat,0.674736976623535
new_3_567.mat,-0.209779188036919
new_3_568.mat,0.579650700092316
new_3_569.mat,-0.066397026181221
new_3_57.mat,0.0979600623250008
new_3_570.mat,1.43328464031219
new_3_571.mat,-0.173534661531448
new_3_572.mat,0.389286279678345
new_3_573.mat,1.15052676200867
new_3_574.mat,1.21925175189972
new_3_575.mat,0.934270858764648
new_3_576.mat,0.341993629932404
new_3_577.mat,1.18189573287964
new_3_578.mat,-0.669651329517365
new_3_579.mat,-0.230688706040382
new_3_58.mat,1.02380776405334
new_3_580.mat,-0.0516042485833168
new_3_581.mat,-0.050863116979599
new_3_582.mat,-0.438488006591797
new_3_583.mat,-1.61117315292358
new_3_584.mat,0.296952217817307
new_3_585.mat,-0.906657457351685
new_3_586.mat,0.858513951301575
new_3_587.mat,0.209353283047676
new_3_588.mat,-0.477249503135681
new_3_589.mat,0.358326137065887
new_3_59.mat,-0.0875958353281021
new_3_590.mat,-0.127017825841904
new_3_591.mat,0.22942179441452
new_3_592.mat,-0.130571350455284
new_3_593.mat,0.584314107894897
new_3_594.mat,-0.704030990600586
new_3_595.mat,0.607766091823578
new_3_596.mat,0.603416323661804
new_3_597.mat,-0.290604799985886
new_3_598.mat,0.701014041900635
new_3_599.mat,0.932275235652924
new_3_6.mat,0.128006190061569
new_3_60.mat,-0.0796119123697281
new_3_600.mat,-0.456816732883453
new_3_601.mat,-0.208820462226868
new_3_602.mat,0.942658424377441
new_3_603.mat,-0.401848822832108
new_3_604.mat,-1.76264381408691
new_3_605.mat,-0.290297448635101
new_3_606.mat,-0.426929533481598
new_3_607.mat,-0.569795787334442
new_3_608.mat,-0.372561156749725
new_3_609.mat,1.17404365539551
new_3_61.mat,-0.567721664905548
new_3_610.mat,-0.813977360725403
new_3_611.mat,-0.793641448020935
new_3_612.mat,-0.30655238032341
new_3_613.mat,0.925677418708801
new_3_614.mat,0.240565285086632
new_3_615.mat,0.26368722319603
new_3_616.mat,0.736416578292847
new_3_617.mat,-0.52779495716095
new_3_618.mat,0.451245009899139
new_3_619.mat,-0.284797042608261
new_3_62.mat,0.615773320198059
new_3_620.mat,0.598990201950073
new_3_621.mat,0.971612870693207
new_3_622.mat,-0.581719875335693
new_3_623.mat,0.326010048389435
new_3_624.mat,0.375928789377213
new_3_625.mat,0.134469091892242
new_3_626.mat,-0.272425502538681
new_3_627.mat,0.345693111419678
new_3_628.mat,0.749991655349731
new_3_629.mat,0.0255644544959068
new_3_63.mat,0.353493750095367
new_3_630.mat,-0.092741072177887
new_3_631.mat,0.69076144695282
new_3_632.mat,0.628193080425262
new_3_633.mat,0.140934035181999
new_3_634.mat,0.353948384523392
new_3_635.mat,1.06487774848938
new_3_636.mat,-0.182905152440071
new_3_637.mat,0.234532415866852
new_3_638.mat,0.441040843725204
new_3_639.mat,-0.0743284970521927
new_3_64.mat,-0.0936228632926941
new_3_640.mat,-0.454547196626663
new_3_641.mat,0.581617653369904
new_3_642.mat,-0.254901528358459
new_3_643.mat,0.0899405181407928
new_3_644.mat,0.293998181819916
new_3_645.mat,0.120500445365906
new_3_646.mat,-0.00484737008810043
new_3_647.mat,-1.076664686203
new_3_648.mat,1.13555037975311
new_3_649.mat,1.59696245193481
new_3_65.mat,0.777037858963013
new_3_650.mat,0.620904803276062
new_3_651.mat,0.27092370390892
new_3_652.mat,0.475621283054352
new_3_653.mat,-0.284061521291733
new_3_654.mat,-0.349474728107452
new_3_655.mat,-0.311753392219543
new_3_656.mat,-0.455980479717255
new_3_657.mat,0.271564930677414
new_3_658.mat,0.795312404632568
new_3_659.mat,0.77623838186264
new_3_66.mat,-0.265941083431244
new_3_660.mat,0.138208821415901
new_3_661.mat,0.480882346630096
new_3_662.mat,0.0119778364896774
new_3_663.mat,1.34452545642853
new_3_664.mat,0.634084820747375
new_3_665.mat,0.143678277730942
new_3_666.mat,0.505870342254639
new_3_667.mat,0.809490919113159
new_3_668.mat,-0.188719213008881
new_3_669.mat,-0.329794049263
new_3_67.mat,-0.0416848659515381
new_3_670.mat,0.0847676992416382
new_3_671.mat,-0.0245881080627441
new_3_672.mat,-1.56512570381165
new_3_673.mat,0.43608033657074
new_3_674.mat,-0.0124734863638878
new_3_675.mat,1.5171320438385
new_3_676.mat,0.365878373384476
new_3_677.mat,0.279668092727661
new_3_678.mat,0.992931604385376
new_3_679.mat,0.450527667999268
new_3_68.mat,-0.137128382921219
new_3_680.mat,-0.580119848251343
new_3_681.mat,-0.537017583847046
new_3_682.mat,-1.18898224830627
new_3_683.mat,0.416852802038193
new_3_684.mat,0.496813833713531
new_3_685.mat,0.253710269927979
new_3_686.mat,-0.12099115550518
new_3_687.mat,-0.466520875692368
new_3_688.mat,0.818169832229614
new_3_689.mat,0.158085316419601
new_3_69.mat,0.350992113351822
new_3_690.mat,-0.267370879650116
new_3_7.mat,-0.143548250198364
new_3_70.mat,0.214570209383965
new_3_71.mat,0.155998885631561
new_3_72.mat,-0.112017631530762
new_3_73.mat,0.276153236627579
new_3_74.mat,0.60958468914032
new_3_75.mat,-0.395997762680054
new_3_76.mat,-0.868926465511322
new_3_77.mat,0.25365138053894
new_3_78.mat,0.54871016740799
new_3_79.mat,-0.345837444067001
new_3_8.mat,-0.0978576987981796
new_3_80.mat,0.701611399650574
new_3_81.mat,0.841904759407043
new_3_82.mat,-0.879433512687683
new_3_83.mat,-0.536284506320953
new_3_84.mat,-0.118518017232418
new_3_85.mat,0.431471586227417
new_3_86.mat,-0.173390090465546
new_3_87.mat,-0.321463316679001
new_3_88.mat,0.364232271909714
new_3_89.mat,-0.638642251491547
new_3_9.mat,0.923259675502777
new_3_90.mat,-0.198708415031433
new_3_91.mat,-0.53047502040863
new_3_92.mat,-1.33898997306824
new_3_93.mat,-0.369184255599976
new_3_94.mat,1.33941733837128
new_3_95.mat,0.276204586029053
new_3_96.mat,1.50030612945557
new_3_97.mat,0.233638018369675
new_3_98.mat,0.497974574565887
new_3_99.mat,-0.228449553251266
